{
  "n_images": 234,
  "n_videos": 53,
  "video_metadata": {
    "Copy of 11948481_1080_1920_30fps.mp4": {
      "frame_count": 572,
      "fps": 30.0,
      "duration_sec": 19.066666666666666,
      "width": 1080,
      "height": 1920,
      "sampled_frames": 8,
      "sampled_indices": [
        0,
        71,
        142,
        213,
        284,
        355,
        426,
        497
      ]
    },
    "Copy of 5524261-uhd_2160_3840_24fps.mp4": {
      "frame_count": 323,
      "fps": 24.0,
      "duration_sec": 13.458333333333334,
      "width": 1440,
      "height": 2560,
      "sampled_frames": 8,
      "sampled_indices": [
        0,
        40,
        80,
        120,
        160,
        200,
        240,
        280
      ]
    },
    "Copy of 5987145-uhd_2160_3840_30fps.mp4": {
      "frame_count": 441,
      "fps": 30.0,
      "duration_sec": 14.7,
      "width": 2160,
      "height": 3840,
      "sampled_frames": 8,
      "sampled_indices": [
        0,
        55,
        110,
        165,
        220,
        275,
        330,
        385
      ]
    },
    "Copy of 6003997-sd_540_960_30fps.mp4": {
      "frame_count": 326,
      "fps": 30.0,
      "duration_sec": 10.866666666666667,
      "width": 540,
      "height": 960,
      "sampled_frames": 8,
      "sampled_indices": [
        0,
        40,
        80,
        120,
        160,
        200,
        240,
        280
      ]
    },
    "Copy of 8750557-uhd_2160_4096_24fps.mp4": {
      "frame_count": 264,
      "fps": 24.0,
      "duration_sec": 11.0,
      "width": 2160,
      "height": 4096,
      "sampled_frames": 8,
      "sampled_indices": [
        0,
        33,
        66,
        99,
        132,
        165,
        198,
        231
      ]
    },
    "Copy of pexels_Gadgets_1.mp4": {
      "frame_count": 451,
      "fps": 24.0,
      "duration_sec": 18.791666666666668,
      "width": 360,
      "height": 480,
      "sampled_frames": 8,
      "sampled_indices": [
        0,
        56,
        112,
        168,
        224,
        280,
        336,
        392
      ]
    },
    "Copy of pexels_Gadgets_2.mp4": {
      "frame_count": 648,
      "fps": 25.0,
      "duration_sec": 25.92,
      "width": 426,
      "height": 240,
      "sampled_frames": 8,
      "sampled_indices": [
        0,
        81,
        162,
        243,
        324,
        405,
        486,
        567
      ]
    },
    "Copy of pexels_Gadgets_3.mp4": {
      "frame_count": 449,
      "fps": 25.0,
      "duration_sec": 17.96,
      "width": 640,
      "height": 360,
      "sampled_frames": 8,
      "sampled_indices": [
        0,
        56,
        112,
        168,
        224,
        280,
        336,
        392
      ]
    },
    "Copy of pexels_Music & Dance_1.mp4": {
      "frame_count": 384,
      "fps": 29.97002997002997,
      "duration_sec": 12.812800000000001,
      "width": 640,
      "height": 360,
      "sampled_frames": 8,
      "sampled_indices": [
        0,
        48,
        96,
        144,
        192,
        240,
        288,
        336
      ]
    },
    "Copy of pexels_Music & Dance_2.mp4": {
      "frame_count": 759,
      "fps": 29.97002997002997,
      "duration_sec": 25.325300000000002,
      "width": 426,
      "height": 240,
      "sampled_frames": 8,
      "sampled_indices": [
        0,
        94,
        188,
        282,
        376,
        470,
        564,
        658
      ]
    },
    "Copy of pexels_Music & Dance_3.mp4": {
      "frame_count": 423,
      "fps": 23.976023976023978,
      "duration_sec": 17.642625,
      "width": 426,
      "height": 240,
      "sampled_frames": 8,
      "sampled_indices": [
        0,
        52,
        104,
        156,
        208,
        260,
        312,
        364
      ]
    },
    "Copy of pexels_Pets & Animals_1.mp4": {
      "frame_count": 509,
      "fps": 29.97002997002997,
      "duration_sec": 16.983633333333334,
      "width": 426,
      "height": 240,
      "sampled_frames": 8,
      "sampled_indices": [
        0,
        63,
        126,
        189,
        252,
        315,
        378,
        441
      ]
    },
    "Copy of pexels_Pets & Animals_2.mp4": {
      "frame_count": 3124,
      "fps": 29.97002997002997,
      "duration_sec": 104.23746666666666,
      "width": 640,
      "height": 360,
      "sampled_frames": 8,
      "sampled_indices": [
        0,
        390,
        780,
        1170,
        1560,
        1950,
        2340,
        2730
      ]
    },
    "Copy of pexels_Pets & Animals_3.mp4": {
      "frame_count": 397,
      "fps": 29.97002997002997,
      "duration_sec": 13.246566666666666,
      "width": 426,
      "height": 240,
      "sampled_frames": 8,
      "sampled_indices": [
        0,
        49,
        98,
        147,
        196,
        245,
        294,
        343
      ]
    },
    "Copy of pexels_bikes_1.mp4": {
      "frame_count": 537,
      "fps": 24.0,
      "duration_sec": 22.375,
      "width": 2560,
      "height": 1440,
      "sampled_frames": 8,
      "sampled_indices": [
        0,
        67,
        134,
        201,
        268,
        335,
        402,
        469
      ]
    },
    "Copy of pexels_bikes_2.mp4": {
      "frame_count": 1345,
      "fps": 29.97002997002997,
      "duration_sec": 44.878166666666665,
      "width": 1280,
      "height": 720,
      "sampled_frames": 8,
      "sampled_indices": [
        0,
        168,
        336,
        504,
        672,
        840,
        1008,
        1176
      ]
    },
    "Copy of pexels_bikes_3.mp4": {
      "frame_count": 883,
      "fps": 60.0,
      "duration_sec": 14.716666666666667,
      "width": 1280,
      "height": 720,
      "sampled_frames": 8,
      "sampled_indices": [
        0,
        110,
        220,
        330,
        440,
        550,
        660,
        770
      ]
    },
    "Copy of pexels_bikes_4.mp4": {
      "frame_count": 308,
      "fps": 23.976023976023978,
      "duration_sec": 12.846166666666665,
      "width": 1920,
      "height": 1080,
      "sampled_frames": 8,
      "sampled_indices": [
        0,
        38,
        76,
        114,
        152,
        190,
        228,
        266
      ]
    },
    "Copy of pexels_bikes_5.mp4": {
      "frame_count": 302,
      "fps": 25.0,
      "duration_sec": 12.08,
      "width": 1440,
      "height": 2560,
      "sampled_frames": 8,
      "sampled_indices": [
        0,
        37,
        74,
        111,
        148,
        185,
        222,
        259
      ]
    },
    "Copy of pexels_cars_4.mp4": {
      "frame_count": 376,
      "fps": 24.0,
      "duration_sec": 15.666666666666666,
      "width": 1366,
      "height": 720,
      "sampled_frames": 8,
      "sampled_indices": [
        0,
        47,
        94,
        141,
        188,
        235,
        282,
        329
      ]
    },
    "Copy of pexels_cars_5.mp4": {
      "frame_count": 150,
      "fps": 25.0,
      "duration_sec": 6.0,
      "width": 2560,
      "height": 1440,
      "sampled_frames": 8,
      "sampled_indices": [
        0,
        18,
        36,
        54,
        72,
        90,
        108,
        126
      ]
    },
    "Copy of pexels_cooking_2.mp4": {
      "frame_count": 351,
      "fps": 25.0,
      "duration_sec": 14.04,
      "width": 1280,
      "height": 720,
      "sampled_frames": 8,
      "sampled_indices": [
        0,
        43,
        86,
        129,
        172,
        215,
        258,
        301
      ]
    },
    "Copy of pexels_cooking_3.mp4": {
      "frame_count": 417,
      "fps": 25.0,
      "duration_sec": 16.68,
      "width": 1280,
      "height": 720,
      "sampled_frames": 8,
      "sampled_indices": [
        0,
        52,
        104,
        156,
        208,
        260,
        312,
        364
      ]
    },
    "Copy of pexels_cooking_4.mp4": {
      "frame_count": 556,
      "fps": 25.0,
      "duration_sec": 22.24,
      "width": 1920,
      "height": 1080,